/*
 Navicat Premium Dump SQL

 Source Server         : localhost
 Source Server Type    : MySQL
 Source Server Version : 80042 (8.0.42)
 Source Host           : localhost:3306
 Source Schema         : food_menu

 Target Server Type    : MySQL
 Target Server Version : 80042 (8.0.42)
 File Encoding         : 65001

 Date: 23/11/2025 21:29:38
*/

SET NAMES utf8mb4;
SET FOREIGN_KEY_CHECKS = 0;

-- ----------------------------
-- Table structure for banner
-- ----------------------------
DROP TABLE IF EXISTS `banner`;
CREATE TABLE `banner`  (
  `id` bigint NOT NULL AUTO_INCREMENT COMMENT 'дё»й”®',
  `image` varchar(500) CHARACTER SET utf8mb4 COLLATE utf8mb4_0900_ai_ci NOT NULL COMMENT 'иҪ®ж’ӯеӣҫеӣҫзүҮURL',
  `title` varchar(100) CHARACTER SET utf8mb4 COLLATE utf8mb4_0900_ai_ci NULL DEFAULT NULL COMMENT 'иҪ®ж’ӯеӣҫж Үйўҳ',
  `description` varchar(200) CHARACTER SET utf8mb4 COLLATE utf8mb4_0900_ai_ci NULL DEFAULT NULL COMMENT 'иҪ®ж’ӯеӣҫжҸҸиҝ°',
  `link_url` varchar(500) CHARACTER SET utf8mb4 COLLATE utf8mb4_0900_ai_ci NULL DEFAULT NULL COMMENT 'й“ҫжҺҘең°еқҖ',
  `sort` int NOT NULL DEFAULT 0 COMMENT 'жҺ’еәҸ',
  `status` int NULL DEFAULT 1 COMMENT 'зҠ¶жҖҒ 0:зҰҒз”Ё 1:еҗҜз”Ё',
  `create_time` datetime NULL DEFAULT NULL COMMENT 'еҲӣе»әж—¶й—ҙ',
  `update_time` datetime NULL DEFAULT NULL COMMENT 'жӣҙж–°ж—¶й—ҙ',
  `create_user` bigint NULL DEFAULT NULL COMMENT 'еҲӣе»әдәә',
  `update_user` bigint NULL DEFAULT NULL COMMENT 'дҝ®ж”№дәә',
  `is_deleted` int NULL DEFAULT 0 COMMENT 'жҳҜеҗҰеҲ йҷӨ 0:жңӘеҲ йҷӨ 1:е·ІеҲ йҷӨ',
  PRIMARY KEY (`id`) USING BTREE
) ENGINE = InnoDB AUTO_INCREMENT = 5 CHARACTER SET = utf8mb4 COLLATE = utf8mb4_0900_ai_ci COMMENT = 'иҪ®ж’ӯеӣҫиЎЁ' ROW_FORMAT = Dynamic;

-- ----------------------------
-- Records of banner
-- ----------------------------
INSERT INTO `banner` VALUES (1, 'food-menu/2025-11-22/a3530ad2-1a61-4338-8ea4-d4779f70632d-pexels-valeriya-1639565.jpg', 'е®¶еәӯзҫҺйЈҹзІҫйҖү', 'жҜҸж—Ҙж–°йІңйЈҹжқҗпјҢз”Ёеҝғзғ№йҘӘжҜҸдёҖйҒ“иҸң', '/pages/menu/menu', 1, 1, '2025-11-22 03:13:28', '2025-11-22 17:19:45', 1, NULL, 0);
INSERT INTO `banner` VALUES (2, 'food-menu/2025-11-22/187f8b2c-1051-4c04-b621-279d8073bea2-pexels-gu-ko-2150570603-31972203.jpg', 'жё©йҰЁе®¶е®ҙ', 'дёҺе®¶дәәе…ұдә«зҫҺеҘҪж—¶е…ү', '/pages/menu/menu', 2, 1, '2025-11-22 03:13:28', '2025-11-22 17:19:54', 1, NULL, 0);
INSERT INTO `banner` VALUES (3, 'food-menu/2025-11-22/8743a675-69d5-4461-9039-a3db99df3097-pexels-gu-ko-2150570603-31987439.jpg', 'еҒҘеә·йҘ®йЈҹ', 'иҗҘе…»жҗӯй…ҚпјҢеҒҘеә·жҜҸдёҖеӨ©', '/pages/menu/menu', 3, 1, '2025-11-22 03:13:28', '2025-11-22 17:20:05', 1, NULL, 0);
INSERT INTO `banner` VALUES (4, 'food-menu/2025-11-22/0dee277f-b66d-46c3-92ba-30c0f4fd4b1c-pexels-kyleroxas-2122294.jpg', 'иҪ»йЈҹ', '22', NULL, 4, 1, '2025-11-22 17:27:07', '2025-11-22 17:27:07', NULL, NULL, 0);

-- ----------------------------
-- Table structure for category
-- ----------------------------
DROP TABLE IF EXISTS `category`;
CREATE TABLE `category`  (
  `id` bigint NOT NULL AUTO_INCREMENT COMMENT 'ж¶“е©ҡж•ӯ',
  `type` int NULL DEFAULT NULL COMMENT 'з»«иҜІзҖ· 1:й‘ҝж»ғжҗ§йҚ’е—ҷиў« 2:жҝӮжҘ…?йҚ’е—ҷиў«',
  `name` varchar(64) CHARACTER SET utf8mb4 COLLATE utf8mb4_0900_ai_ci NOT NULL COMMENT 'йҚ’е—ҷиў«йҚҡе¶ҮРһ',
  `sort` int NOT NULL DEFAULT 0 COMMENT 'жӨӨе“„з°ӯ',
  `create_time` datetime NULL DEFAULT NULL COMMENT 'йҚ’ж¶ҳзј“йҸғе •жЈҝ',
  `update_time` datetime NULL DEFAULT NULL COMMENT 'йҸҮеӯҳжҹҠйҸғе •жЈҝ',
  `create_user` bigint NULL DEFAULT NULL COMMENT 'йҚ’ж¶ҳзј“жөң',
  `update_user` bigint NULL DEFAULT NULL COMMENT 'ж·Ү?ж•јжөң',
  PRIMARY KEY (`id`) USING BTREE,
  UNIQUE INDEX `idx_category_name`(`name` ASC) USING BTREE
) ENGINE = InnoDB AUTO_INCREMENT = 7 CHARACTER SET = utf8mb4 COLLATE = utf8mb4_0900_ai_ci COMMENT = 'йҚ’е—ҷиў«зҗӣ' ROW_FORMAT = Dynamic;

-- ----------------------------
-- Records of category
-- ----------------------------
INSERT INTO `category` VALUES (1, 1, 'е·қиҸң', 1, '2025-11-21 14:48:37', '2025-11-21 14:48:37', 1, 1);
INSERT INTO `category` VALUES (2, 1, 'ж№ҳиҸң', 2, '2025-11-21 14:48:37', '2025-11-21 14:48:37', 1, 1);
INSERT INTO `category` VALUES (3, 1, 'зІӨиҸң', 3, '2025-11-21 14:48:37', '2025-11-21 14:48:37', 1, 1);
INSERT INTO `category` VALUES (4, 1, 'е®¶еёёиҸң', 4, '2025-11-21 14:48:37', '2025-11-21 14:48:37', 1, 1);
INSERT INTO `category` VALUES (5, 1, 'дё»йЈҹ', 5, '2025-11-21 14:48:37', '2025-11-21 14:48:37', 1, 1);
INSERT INTO `category` VALUES (6, 1, 'зү№иүІ', 6, '2025-11-21 19:31:51', '2025-11-21 19:31:51', NULL, NULL);

-- ----------------------------
-- Table structure for dish
-- ----------------------------
DROP TABLE IF EXISTS `dish`;
CREATE TABLE `dish`  (
  `id` bigint NOT NULL AUTO_INCREMENT COMMENT 'ж¶“е©ҡж•ӯ',
  `name` varchar(64) CHARACTER SET utf8mb4 COLLATE utf8mb4_0900_ai_ci NOT NULL COMMENT 'й‘ҝж»ғжҗ§йҚҡе¶ҮРһ',
  `category_id` bigint NOT NULL COMMENT 'йҚ’е—ҷиў«id',
  `price` decimal(10, 2) NOT NULL COMMENT 'жө й”Ӣзүё',
  `code` varchar(64) CHARACTER SET utf8mb4 COLLATE utf8mb4_0900_ai_ci NULL DEFAULT NULL COMMENT 'йҚҹе——жҗ§йҗ®',
  `image` varchar(500) CHARACTER SET utf8mb4 COLLATE utf8mb4_0900_ai_ci NOT NULL COMMENT 'йҚҘеү§еў–',
  `description` varchar(400) CHARACTER SET utf8mb4 COLLATE utf8mb4_0900_ai_ci NULL DEFAULT NULL COMMENT 'йҺ»еҝҡе Әж·Үв„ғдј…',
  `status` int NOT NULL DEFAULT 1 COMMENT '0:йҚӢж»ғж•ӯ 1:з’§еі°ж•ӯ',
  `sort` int NOT NULL DEFAULT 0 COMMENT 'жӨӨе“„з°ӯ',
  `create_time` datetime NULL DEFAULT NULL COMMENT 'йҚ’ж¶ҳзј“йҸғе •жЈҝ',
  `update_time` datetime NULL DEFAULT NULL COMMENT 'йҸҮеӯҳжҹҠйҸғе •жЈҝ',
  `create_user` bigint NULL DEFAULT NULL COMMENT 'йҚ’ж¶ҳзј“жөң',
  `update_user` bigint NULL DEFAULT NULL COMMENT 'ж·Ү?ж•јжөң',
  `is_deleted` int NOT NULL DEFAULT 0 COMMENT 'йҸ„?жғҒйҚ’зҠ»ж«Һ',
  PRIMARY KEY (`id`) USING BTREE
) ENGINE = InnoDB AUTO_INCREMENT = 9 CHARACTER SET = utf8mb4 COLLATE = utf8mb4_0900_ai_ci COMMENT = 'й‘ҝж»ғжҗ§зҗӣ' ROW_FORMAT = Dynamic;

-- ----------------------------
-- Records of dish
-- ----------------------------
INSERT INTO `dish` VALUES (1, 'е®«дҝқйёЎдёҒ', 1, 99.00, 'DISH001', 'https://dummyimage.com/800x600/0f172a/ffffff&text=family+dish', 'з»Ҹе…ёе·қиҸң,йёЎиӮүйІңе«©,иҠұз”ҹй…Ҙи„Ҷ', 0, 1, '2025-11-21 14:48:37', '2025-11-21 19:30:03', 1, NULL, 0);
INSERT INTO `dish` VALUES (2, 'йә»е©ҶиұҶи…җ', 1, 28.00, 'DISH002', 'https://dummyimage.com/800x600/0f172a/ffffff&text=family+dish', 'йә»иҫЈйІңйҰҷ,иұҶи…җе«©ж»‘', 1, 2, '2025-11-21 14:48:37', '2025-11-21 14:48:37', 1, 1, 0);
INSERT INTO `dish` VALUES (3, 'еүҒжӨ’йұјеӨҙ', 2, 68.00, 'DISH003', 'https://dummyimage.com/800x600/0f172a/ffffff&text=family+dish', 'ж№ҳиҸңеҗҚиҸң,йІңиҫЈејҖиғғ', 1, 3, '2025-11-21 14:48:37', '2025-11-21 14:48:37', 1, 1, 0);
INSERT INTO `dish` VALUES (4, 'зҷҪеҲҮйёЎ', 3, 48.00, 'DISH004', 'https://dummyimage.com/800x600/0f172a/ffffff&text=family+dish', 'зІӨиҸңз»Ҹе…ё,зҡ®зҲҪиӮүж»‘', 1, 4, '2025-11-21 14:48:37', '2025-11-21 14:48:37', 1, 1, 0);
INSERT INTO `dish` VALUES (5, 'з•ӘиҢ„зӮ’иӣӢ', 4, 18.00, 'DISH005', 'https://dummyimage.com/800x600/0f172a/ffffff&text=family+dish', 'е®¶еёёе°ҸзӮ’,й…ёз”ңеҸҜеҸЈ', 1, 5, '2025-11-21 14:48:37', '2025-11-21 14:48:37', 1, 1, 0);
INSERT INTO `dish` VALUES (6, 'зұійҘӯ', 5, 2.00, 'DISH006', 'https://dummyimage.com/800x600/0f172a/ffffff&text=family+dish', 'йҰҷе–·е–·зҡ„зұійҘӯ', 1, 6, '2025-11-21 14:48:37', '2025-11-21 14:48:37', 1, 1, 0);
INSERT INTO `dish` VALUES (7, '22222', 1, 22.00, NULL, 'food-menu/2025-11-22/82f3058e-4e35-4d78-92ab-ff09d7d4f2a4-еұҸе№•жҲӘеӣҫ(4).png', '22222222', 1, 0, '2025-11-21 21:16:01', '2025-11-22 02:43:04', NULL, NULL, 0);
INSERT INTO `dish` VALUES (8, 'зү№иүІе•Ҡ', 6, 0.00, NULL, 'https://dummyimage.com/800x600/0f172a/ffffff&text=family+dish', 'ж°ҙж°ҙж°ҙж°ҙж°ҙж°ҙж°ҙж°ҙж°ҙж°ҙж°ҙж°ҙж°ҙ', 1, 0, '2025-11-21 21:17:28', '2025-11-21 21:17:28', NULL, NULL, 0);

-- ----------------------------
-- Table structure for dish_comment
-- ----------------------------
DROP TABLE IF EXISTS `dish_comment`;
CREATE TABLE `dish_comment`  (
  `id` bigint NOT NULL AUTO_INCREMENT COMMENT 'дё»й”®',
  `dish_id` bigint NOT NULL COMMENT 'иҸңе“Ғid',
  `parent_id` bigint NULL DEFAULT NULL COMMENT 'зҲ¶иҜ„и®әID',
  `user_id` bigint NULL DEFAULT NULL COMMENT 'з”ЁжҲ·ID',
  `author_name` varchar(50) CHARACTER SET utf8mb4 COLLATE utf8mb4_0900_ai_ci NULL DEFAULT NULL COMMENT 'еұ•зӨәжҳөз§°',
  `content` varchar(500) CHARACTER SET utf8mb4 COLLATE utf8mb4_0900_ai_ci NOT NULL COMMENT 'еҶ…е®№',
  `create_time` datetime NULL DEFAULT NULL COMMENT 'еҲӣе»әж—¶й—ҙ',
  PRIMARY KEY (`id`) USING BTREE
) ENGINE = InnoDB CHARACTER SET = utf8mb4 COLLATE = utf8mb4_0900_ai_ci COMMENT = 'иҸңе“ҒиҜ„и®әиЎЁ' ROW_FORMAT = Dynamic;

-- ----------------------------
-- Records of dish_comment
-- ----------------------------

-- ----------------------------
-- Table structure for dish_favorite
-- ----------------------------
DROP TABLE IF EXISTS `dish_favorite`;
CREATE TABLE `dish_favorite`  (
  `id` bigint NOT NULL AUTO_INCREMENT COMMENT 'дё»й”®',
  `user_id` bigint NOT NULL COMMENT 'з”ЁжҲ·ID',
  `dish_id` bigint NOT NULL COMMENT 'иҸңе“ҒID',
  `create_time` datetime NULL DEFAULT NULL COMMENT 'ж”¶и—Ҹж—¶й—ҙ',
  PRIMARY KEY (`id`) USING BTREE,
  UNIQUE INDEX `uk_user_dish`(`user_id` ASC, `dish_id` ASC) USING BTREE COMMENT 'з”ЁжҲ·-иҸңе“Ғе”ҜдёҖзҙўеј•',
  INDEX `idx_user_id`(`user_id` ASC) USING BTREE COMMENT 'з”ЁжҲ·IDзҙўеј•',
  INDEX `idx_dish_id`(`dish_id` ASC) USING BTREE COMMENT 'иҸңе“ҒIDзҙўеј•'
) ENGINE = InnoDB AUTO_INCREMENT = 7 CHARACTER SET = utf8mb4 COLLATE = utf8mb4_0900_ai_ci COMMENT = 'иҸңе“Ғж”¶и—ҸиЎЁ' ROW_FORMAT = Dynamic;

-- ----------------------------
-- Records of dish_favorite
-- ----------------------------
INSERT INTO `dish_favorite` VALUES (1, 2, 7, '2025-11-22 21:05:07');
INSERT INTO `dish_favorite` VALUES (3, 2, 6, '2025-11-22 21:05:48');
INSERT INTO `dish_favorite` VALUES (4, 1, 4, '2025-11-22 21:06:36');
INSERT INTO `dish_favorite` VALUES (5, 1, 2, '2025-11-22 23:41:24');
INSERT INTO `dish_favorite` VALUES (6, 1, 7, '2025-11-23 00:49:20');

-- ----------------------------
-- Table structure for dish_flavor
-- ----------------------------
DROP TABLE IF EXISTS `dish_flavor`;
CREATE TABLE `dish_flavor`  (
  `id` bigint NOT NULL AUTO_INCREMENT COMMENT 'ж¶“е©ҡж•ӯ',
  `dish_id` bigint NOT NULL COMMENT 'й‘ҝж»ғжҗ§id',
  `name` varchar(64) CHARACTER SET utf8mb4 COLLATE utf8mb4_0900_ai_ci NOT NULL COMMENT 'йҚҷпҪ…жҮ—йҚҡе¶ҮРһ',
  `value` varchar(500) CHARACTER SET utf8mb4 COLLATE utf8mb4_0900_ai_ci NULL DEFAULT NULL COMMENT 'йҚҷпҪ…жҮ—йҸҒзүҲеөҒlist',
  `create_time` datetime NULL DEFAULT NULL COMMENT 'йҚ’ж¶ҳзј“йҸғе •жЈҝ',
  `update_time` datetime NULL DEFAULT NULL COMMENT 'йҸҮеӯҳжҹҠйҸғе •жЈҝ',
  `create_user` bigint NULL DEFAULT NULL COMMENT 'йҚ’ж¶ҳзј“жөң',
  `update_user` bigint NULL DEFAULT NULL COMMENT 'ж·Ү?ж•јжөң',
  `is_deleted` int NOT NULL DEFAULT 0 COMMENT 'йҸ„?жғҒйҚ’зҠ»ж«Һ',
  PRIMARY KEY (`id`) USING BTREE
) ENGINE = InnoDB AUTO_INCREMENT = 10 CHARACTER SET = utf8mb4 COLLATE = utf8mb4_0900_ai_ci COMMENT = 'й‘ҝж»ғжҗ§йҚҷпҪ…жҮ—зҗӣ' ROW_FORMAT = Dynamic;

-- ----------------------------
-- Records of dish_flavor
-- ----------------------------
INSERT INTO `dish_flavor` VALUES (1, 1, 'иҫЈеәҰ', '[\"дёҚиҫЈ\",\"еҫ®иҫЈ\",\"дёӯиҫЈ\",\"зү№иҫЈ\"]', '2025-11-21 14:48:37', '2025-11-21 14:48:37', 1, 1, 1);
INSERT INTO `dish_flavor` VALUES (2, 2, 'иҫЈеәҰ', '[\"дёҚиҫЈ\",\"еҫ®иҫЈ\",\"дёӯиҫЈ\",\"зү№иҫЈ\"]', '2025-11-21 14:48:37', '2025-11-21 14:48:37', 1, 1, 0);
INSERT INTO `dish_flavor` VALUES (3, 3, 'иҫЈеәҰ', '[\"еҫ®иҫЈ\",\"дёӯиҫЈ\",\"зү№иҫЈ\"]', '2025-11-21 14:48:37', '2025-11-21 14:48:37', 1, 1, 0);
INSERT INTO `dish_flavor` VALUES (4, 1, 'еҸЈе‘і', '[\"дёҚиҫЈ\",\"еҫ®иҫЈ\",\"дёӯиҫЈ\",\"зү№иҫЈ\"]', '2025-11-21 19:26:08', '2025-11-21 19:26:08', NULL, NULL, 1);
INSERT INTO `dish_flavor` VALUES (5, 1, 'еҸЈе‘і', '[\"дёҚиҫЈ\",\"еҫ®иҫЈ\",\"дёӯиҫЈ\",\"зү№иҫЈ\"]', '2025-11-21 19:30:03', '2025-11-21 19:30:03', NULL, NULL, 0);
INSERT INTO `dish_flavor` VALUES (6, 7, 'еҸЈе‘і', '[\"222\"]', '2025-11-21 21:16:01', '2025-11-21 21:16:01', NULL, NULL, 1);
INSERT INTO `dish_flavor` VALUES (7, 8, 'еҸЈе‘і', '[\"ж°ҙж°ҙж°ҙж°ҙж°ҙж°ҙж°ҙж°ҙж°ҙж°ҙж°ҙ\"]', '2025-11-21 21:17:28', '2025-11-21 21:17:28', NULL, NULL, 0);
INSERT INTO `dish_flavor` VALUES (8, 7, 'еҸЈе‘і', '[\"222\"]', '2025-11-21 22:51:13', '2025-11-21 22:51:13', NULL, NULL, 1);
INSERT INTO `dish_flavor` VALUES (9, 7, 'еҸЈе‘і', '[\"222\"]', '2025-11-22 02:43:04', '2025-11-22 02:43:04', NULL, NULL, 0);

-- ----------------------------
-- Table structure for order_items
-- ----------------------------
DROP TABLE IF EXISTS `order_items`;
CREATE TABLE `order_items`  (
  `id` bigint NOT NULL AUTO_INCREMENT COMMENT 'дё»й”®',
  `order_id` bigint NOT NULL COMMENT 'и®ўеҚ•ID',
  `dish_id` bigint NOT NULL COMMENT 'иҸңе“ҒID',
  `dish_name` varchar(100) CHARACTER SET utf8mb4 COLLATE utf8mb4_unicode_ci NOT NULL COMMENT 'иҸңе“ҒеҗҚз§°',
  `dish_image` varchar(500) CHARACTER SET utf8mb4 COLLATE utf8mb4_unicode_ci NULL DEFAULT NULL COMMENT 'иҸңе“ҒеӣҫзүҮ',
  `price` decimal(10, 2) NOT NULL COMMENT 'еҚ•д»·',
  `quantity` int NOT NULL COMMENT 'ж•°йҮҸ',
  `subtotal` decimal(10, 2) NOT NULL COMMENT 'е°Ҹи®Ў',
  `create_time` datetime NOT NULL DEFAULT CURRENT_TIMESTAMP COMMENT 'еҲӣе»әж—¶й—ҙ',
  PRIMARY KEY (`id`) USING BTREE,
  INDEX `idx_order_id`(`order_id` ASC) USING BTREE,
  INDEX `idx_dish_id`(`dish_id` ASC) USING BTREE
) ENGINE = InnoDB AUTO_INCREMENT = 15 CHARACTER SET = utf8mb4 COLLATE = utf8mb4_unicode_ci COMMENT = 'и®ўеҚ•жҳҺз»ҶиЎЁ' ROW_FORMAT = Dynamic;

-- ----------------------------
-- Records of order_items
-- ----------------------------
INSERT INTO `order_items` VALUES (1, 1, 7, '22222', 'https://food-menu-yao.oss-cn-shenzhen.aliyuncs.com/food-menu/2025-11-22/82f3058e-4e35-4d78-92ab-ff09d7d4f2a4-%E5%B1%8F%E5%B9%95%E6%88%AA%E5%9B%BE%284%29.png?Expires=1763895931&OSSAccessKeyId=LTAI5tMRyKmbt7EZRgXjJRTk&Signature=YK6Y6YKpPztsp6A7%2B9AP6Sya7ig%3D', 22.00, 1, 22.00, '2025-11-22 19:05:36');
INSERT INTO `order_items` VALUES (2, 2, 2, 'йә»е©ҶиұҶи…җ', 'https://dummyimage.com/800x600/0f172a/ffffff&text=family+dish', 28.00, 1, 28.00, '2025-11-22 19:40:46');
INSERT INTO `order_items` VALUES (3, 3, 7, '22222', 'https://food-menu-yao.oss-cn-shenzhen.aliyuncs.com/food-menu/2025-11-22/82f3058e-4e35-4d78-92ab-ff09d7d4f2a4-%E5%B1%8F%E5%B9%95%E6%88%AA%E5%9B%BE%284%29.png?Expires=1763898076&OSSAccessKeyId=LTAI5tMRyKmbt7EZRgXjJRTk&Signature=%2BVLsKm%2Bmxjxoyd8QAO3vuDDWh%2Bk%3D', 22.00, 1, 22.00, '2025-11-22 19:41:25');
INSERT INTO `order_items` VALUES (4, 4, 2, 'йә»е©ҶиұҶи…җ', 'https://dummyimage.com/800x600/0f172a/ffffff&text=family+dish', 28.00, 1, 28.00, '2025-11-22 20:45:15');
INSERT INTO `order_items` VALUES (5, 4, 5, 'з•ӘиҢ„зӮ’иӣӢ', 'https://dummyimage.com/800x600/0f172a/ffffff&text=family+dish', 18.00, 1, 18.00, '2025-11-22 20:45:15');
INSERT INTO `order_items` VALUES (6, 4, 6, 'зұійҘӯ', 'https://dummyimage.com/800x600/0f172a/ffffff&text=family+dish', 2.00, 1, 2.00, '2025-11-22 20:45:15');
INSERT INTO `order_items` VALUES (7, 4, 7, '22222', 'https://food-menu-yao.oss-cn-shenzhen.aliyuncs.com/food-menu/2025-11-22/82f3058e-4e35-4d78-92ab-ff09d7d4f2a4-%E5%B1%8F%E5%B9%95%E6%88%AA%E5%9B%BE%284%29.png?Expires=1763901882&OSSAccessKeyId=LTAI5tMRyKmbt7EZRgXjJRTk&Signature=oQAZQZFsEqm9%2FcFCYkuuTum5tUI%3D', 22.00, 1, 22.00, '2025-11-22 20:45:15');
INSERT INTO `order_items` VALUES (8, 5, 2, 'йә»е©ҶиұҶи…җ', 'https://dummyimage.com/800x600/0f172a/ffffff&text=family+dish', 28.00, 2, 56.00, '2025-11-22 23:43:35');
INSERT INTO `order_items` VALUES (9, 5, 4, 'зҷҪеҲҮйёЎ', 'https://dummyimage.com/800x600/0f172a/ffffff&text=family+dish', 48.00, 1, 48.00, '2025-11-22 23:43:35');
INSERT INTO `order_items` VALUES (10, 5, 6, 'зұійҘӯ', 'https://dummyimage.com/800x600/0f172a/ffffff&text=family+dish', 2.00, 1, 2.00, '2025-11-22 23:43:35');
INSERT INTO `order_items` VALUES (11, 6, 2, 'йә»е©ҶиұҶи…җ', 'https://dummyimage.com/800x600/0f172a/ffffff&text=family+dish', 28.00, 1, 28.00, '2025-11-22 23:46:08');
INSERT INTO `order_items` VALUES (12, 6, 5, 'з•ӘиҢ„зӮ’иӣӢ', 'https://dummyimage.com/800x600/0f172a/ffffff&text=family+dish', 18.00, 1, 18.00, '2025-11-22 23:46:08');
INSERT INTO `order_items` VALUES (13, 6, 6, 'зұійҘӯ', 'https://dummyimage.com/800x600/0f172a/ffffff&text=family+dish', 2.00, 2, 4.00, '2025-11-22 23:46:08');
INSERT INTO `order_items` VALUES (14, 6, 7, '22222', 'https://food-menu-yao.oss-cn-shenzhen.aliyuncs.com/food-menu/2025-11-22/82f3058e-4e35-4d78-92ab-ff09d7d4f2a4-%E5%B1%8F%E5%B9%95%E6%88%AA%E5%9B%BE%284%29.png?Expires=1763912732&OSSAccessKeyId=LTAI5tMRyKmbt7EZRgXjJRTk&Signature=TS4LbZ15tAwPPk9MKgitm0I4GRs%3D', 22.00, 1, 22.00, '2025-11-22 23:46:08');

-- ----------------------------
-- Table structure for orders
-- ----------------------------
DROP TABLE IF EXISTS `orders`;
CREATE TABLE `orders`  (
  `id` bigint NOT NULL AUTO_INCREMENT COMMENT 'дё»й”®',
  `order_number` varchar(32) CHARACTER SET utf8mb4 COLLATE utf8mb4_unicode_ci NOT NULL COMMENT 'и®ўеҚ•зј–еҸ·',
  `user_id` bigint NOT NULL COMMENT 'з”ЁжҲ·ID',
  `total_amount` decimal(10, 2) NOT NULL COMMENT 'и®ўеҚ•жҖ»йҮ‘йўқ',
  `status` tinyint NOT NULL DEFAULT 0 COMMENT 'и®ўеҚ•зҠ¶жҖҒ 0-еҫ…жҺҘеҚ• 1-еҮҶеӨҮдёӯ 2-й…ҚйҖҒдёӯ 3-е·Іе®ҢжҲҗ 4-е·ІеҸ–ж¶Ҳ',
  `remark` varchar(500) CHARACTER SET utf8mb4 COLLATE utf8mb4_unicode_ci NULL DEFAULT NULL COMMENT 'и®ўеҚ•еӨҮжіЁ',
  `create_time` datetime NOT NULL DEFAULT CURRENT_TIMESTAMP COMMENT 'еҲӣе»әж—¶й—ҙ',
  `update_time` datetime NOT NULL DEFAULT CURRENT_TIMESTAMP ON UPDATE CURRENT_TIMESTAMP COMMENT 'жӣҙж–°ж—¶й—ҙ',
  PRIMARY KEY (`id`) USING BTREE,
  UNIQUE INDEX `uk_order_number`(`order_number` ASC) USING BTREE,
  INDEX `idx_user_id`(`user_id` ASC) USING BTREE,
  INDEX `idx_create_time`(`create_time` ASC) USING BTREE
) ENGINE = InnoDB AUTO_INCREMENT = 7 CHARACTER SET = utf8mb4 COLLATE = utf8mb4_unicode_ci COMMENT = 'и®ўеҚ•иЎЁ' ROW_FORMAT = Dynamic;

-- ----------------------------
-- Records of orders
-- ----------------------------
INSERT INTO `orders` VALUES (1, 'FM202511221905360001', 2, 22.00, 3, '', '2025-11-22 19:05:36', '2025-11-22 19:05:36');
INSERT INTO `orders` VALUES (2, 'FM202511221940460001', 2, 28.00, 4, 'и°ўи°ў', '2025-11-22 19:40:46', '2025-11-22 19:40:46');
INSERT INTO `orders` VALUES (3, 'FM202511221941250002', 2, 22.00, 4, '', '2025-11-22 19:41:25', '2025-11-22 19:41:25');
INSERT INTO `orders` VALUES (4, 'FM202511222045150003', 2, 70.00, 1, 'йқ йқ йқ йқ йқ йқ йқ ', '2025-11-22 20:45:15', '2025-11-22 20:45:15');
INSERT INTO `orders` VALUES (5, 'FM202511222343340001', 1, 106.00, 3, 'еҝ«еҝ«еҝ«', '2025-11-22 23:43:35', '2025-11-22 23:43:35');
INSERT INTO `orders` VALUES (6, 'FM202511222346080002', 1, 72.00, 0, 'й…·й…·й…·й…·й…·', '2025-11-22 23:46:08', '2025-11-22 23:46:08');

-- ----------------------------
-- Table structure for user
-- ----------------------------
DROP TABLE IF EXISTS `user`;
CREATE TABLE `user`  (
  `id` bigint NOT NULL AUTO_INCREMENT COMMENT 'ж¶“е©ҡж•ӯ',
  `username` varchar(50) CHARACTER SET utf8mb4 COLLATE utf8mb4_0900_ai_ci NULL DEFAULT NULL COMMENT 'йҗўг„ҰеҹӣйҚҡ',
  `password` varchar(200) CHARACTER SET utf8mb4 COLLATE utf8mb4_0900_ai_ci NULL DEFAULT NULL COMMENT 'зҖөе—ҷзҲң(йҚ”зҠІзҳ‘)',
  `phone` varchar(20) CHARACTER SET utf8mb4 COLLATE utf8mb4_0900_ai_ci NOT NULL COMMENT 'йҺөе¬«жәҖйҚҷ',
  `name` varchar(50) CHARACTER SET utf8mb4 COLLATE utf8mb4_0900_ai_ci NULL DEFAULT NULL COMMENT 'жҝ®ж’іжӮ•',
  `avatar` varchar(500) CHARACTER SET utf8mb4 COLLATE utf8mb4_0900_ai_ci NULL DEFAULT NULL COMMENT 'жҫ¶жқ‘е„ҡ',
  `status` int NULL DEFAULT 1 COMMENT 'йҗҳиҲө? 0:з»ӮдҪәж•Ө 1:е§қпҪ…зҲ¶',
  `create_time` datetime NULL DEFAULT NULL COMMENT 'йҚ’ж¶ҳзј“йҸғе •жЈҝ',
  `update_time` datetime NULL DEFAULT NULL COMMENT 'йҸҮеӯҳжҹҠйҸғе •жЈҝ',
  PRIMARY KEY (`id`) USING BTREE,
  UNIQUE INDEX `idx_phone`(`phone` ASC) USING BTREE,
  UNIQUE INDEX `idx_username`(`username` ASC) USING BTREE
) ENGINE = InnoDB AUTO_INCREMENT = 4 CHARACTER SET = utf8mb4 COLLATE = utf8mb4_0900_ai_ci COMMENT = 'йҗўг„Ұеҹӣзҗӣ' ROW_FORMAT = Dynamic;

-- ----------------------------
-- Records of user
-- ----------------------------
INSERT INTO `user` VALUES (1, 'admin', '$2a$10$N.zmdr9k7uOCQb376NoUnuTJ8iAt6Z5EHsM8lE9lBOsl7iKTVKIUi', '13800138000', 'з®ЎзҗҶе‘ҳ', NULL, 1, '2025-11-21 14:48:37', '2025-11-21 14:48:37');
INSERT INTO `user` VALUES (2, 'test', '$2a$10$N.zmdr9k7uOCQb376NoUnuTJ8iAt6Z5EHsM8lE9lBOsl7iKTVKIUi', '13800138001', 'жөӢиҜ•з”ЁжҲ·', NULL, 1, '2025-11-21 14:48:37', '2025-11-21 14:48:37');
INSERT INTO `user` VALUES (3, 'long', '$2a$10$ej.O.Bd2Wcz4J4TCTTxX5..TqFze.IJV2nDiX4arM/kVAI57KKeqC', '18320636653', 'long', NULL, 1, '2025-11-23 17:44:20', '2025-11-23 17:44:20');

-- ----------------------------
-- Table structure for wx_user
-- ----------------------------
DROP TABLE IF EXISTS `wx_user`;
CREATE TABLE `wx_user`  (
  `id` bigint NOT NULL AUTO_INCREMENT COMMENT 'дё»й”®',
  `openid` varchar(100) CHARACTER SET utf8mb4 COLLATE utf8mb4_0900_ai_ci NULL DEFAULT NULL COMMENT 'еҫ®дҝЎOpenID',
  `unionid` varchar(100) CHARACTER SET utf8mb4 COLLATE utf8mb4_0900_ai_ci NULL DEFAULT NULL COMMENT 'еҫ®дҝЎUnionID',
  `username` varchar(50) CHARACTER SET utf8mb4 COLLATE utf8mb4_0900_ai_ci NULL DEFAULT NULL COMMENT 'з”ЁжҲ·еҗҚ',
  `password` varchar(100) CHARACTER SET utf8mb4 COLLATE utf8mb4_0900_ai_ci NULL DEFAULT NULL COMMENT 'еҜҶз Ғ',
  `phone` varchar(20) CHARACTER SET utf8mb4 COLLATE utf8mb4_0900_ai_ci NULL DEFAULT NULL COMMENT 'жүӢжңәеҸ·',
  `nickname` varchar(50) CHARACTER SET utf8mb4 COLLATE utf8mb4_0900_ai_ci NULL DEFAULT NULL COMMENT 'жҳөз§°',
  `avatar` varchar(500) CHARACTER SET utf8mb4 COLLATE utf8mb4_0900_ai_ci NULL DEFAULT NULL COMMENT 'еӨҙеғҸ',
  `gender` int NULL DEFAULT 0 COMMENT 'жҖ§еҲ« 0:жңӘзҹҘ 1:з”· 2:еҘі',
  `status` int NULL DEFAULT 1 COMMENT 'зҠ¶жҖҒ 0:зҰҒз”Ё 1:жӯЈеёё',
  `create_time` datetime NULL DEFAULT CURRENT_TIMESTAMP COMMENT 'еҲӣе»әж—¶й—ҙ',
  `update_time` datetime NULL DEFAULT CURRENT_TIMESTAMP ON UPDATE CURRENT_TIMESTAMP COMMENT 'жӣҙж–°ж—¶й—ҙ',
  `deleted` int NULL DEFAULT 0 COMMENT 'йҖ»иҫ‘еҲ йҷӨ',
  PRIMARY KEY (`id`) USING BTREE,
  UNIQUE INDEX `uk_openid`(`openid` ASC) USING BTREE,
  UNIQUE INDEX `uk_username`(`username` ASC) USING BTREE,
  UNIQUE INDEX `uk_phone`(`phone` ASC) USING BTREE
) ENGINE = InnoDB AUTO_INCREMENT = 4 CHARACTER SET = utf8mb4 COLLATE = utf8mb4_0900_ai_ci COMMENT = 'еҫ®дҝЎе°ҸзЁӢеәҸз”ЁжҲ·иЎЁ' ROW_FORMAT = Dynamic;

-- ----------------------------
-- Records of wx_user
-- ----------------------------
INSERT INTO `wx_user` VALUES (1, NULL, NULL, 'testuser', '$2a$10$hVxizz1IIYgR6kfd93omPuFjWpkEMcf5skkXEupGG5zcUSPoF0Xh.', '13900139000', 'е“Ҳе“Ҳе“Ҳ', 'avatars/2025-11-22/155919aa-8195-4683-9ad4-c1c0261a3642-7D5hSM1YhD4Ca71f393efdb2c9f128fbea2335fc248b.jpg', 0, 1, '2025-11-22 16:13:38', '2025-11-23 00:49:09', 0);
INSERT INTO `wx_user` VALUES (2, NULL, NULL, 'и°ўи°ў', '$2a$10$A0L9e3OMOKtTWflA8AfjzeowzbyOpb3mWT.eT3vTWDYv9/uAY7Tpi', '', 'еӨ§зҒ°зӢј', 'avatars/2025-11-22/81207505-f172-4b04-9d05-7b474914cd3a-ahC04MiN6Ddpe86ac75c94006bd7a1cd2f069633a210.jpg', 0, 1, '2025-11-22 17:51:41', '2025-11-22 17:52:00', 0);
INSERT INTO `wx_user` VALUES (3, NULL, NULL, 'long', '$2a$10$epnCwD.0n2xXz17Q3iv.6OYPrXnpoqpt00H/bKOyqBZ9odtn3lzui', NULL, 'з”ЁжҲ·_long', NULL, 0, 1, '2025-11-23 17:30:49', '2025-11-23 17:30:49', 0);

SET FOREIGN_KEY_CHECKS = 1;
